source_pcap,folder_type,label,window_index,flow_duration,header_length,protocol_type,ttl,rate,srate,drate,fin_flag_number,syn_flag_number,rst_flag_number,psh_flag_number,ack_flag_number,ece_flag_number,cwr_flag_number,HTTP_count,HTTPS_count,DNS_count,Telnet_count,SMTP_count,SSH_count,IRC_count,DHCP_count,ARP_count,ICMP_count,IPv_count,LLC_count,TCP_count,UDP_count,Tot_sum,Min,Max,AVG,Std,Tot_size,IAT,Number,Variance
mysql.pcapng,Hydra,Bruteforce,0,0.7563197612762451,8,3,0.4,13.22192082238548,5.288768328954192,7.933152493431288,0,0,0,0,0,0,0,0,0,0,0,0,0,0,0,0,0,4,0,0,8,5452,90,669,545.2,227.77567912312324,5452,0.0840355290306939,10,51881.76
mysql.pcapng,Hydra,Bruteforce,1,3.7721264362335205,10,3,19.4,2.651024606159551,0.0,2.651024606159551,0,0,0,0,0,0,0,0,0,0,0,0,0,0,0,0,0,5,0,3,4,3128,74,669,312.8,282.8097593789861,3128,0.41912515958150226,10,79981.36
mysql.pcapng,Hydra,Bruteforce,2,0.002445220947265625,20,2,64,4089.609984399376,2044.804992199688,2044.804992199688,0,0,0,0,0,0,0,0,0,0,0,0,0,0,0,0,0,10,0,10,0,740,74,74,74,0.0,740,0.00027169121636284725,10,0
mysql.pcapng,Hydra,Bruteforce,3,0.0001881122589111328,20,2,64,53159.74651457541,15947.923954372623,37211.82256020279,0,0,0,0,0,0,0,0,0,0,0,0,0,0,0,0,0,10,0,10,0,684,66,74,68.4,3.666060555964672,684,2.090136210123698e-05,10,13.44
mysql.pcapng,Hydra,Bruteforce,4,5.216465473175049,2,0,6.4,1.9170068413993373,0.19170068413993374,1.7253061572594035,0,0,0,0,0,0,0,0,0,0,0,0,0,0,0,9,0,1,0,1,0,606,60,66,60.6,1.8,606,0.5796072747972276,10,3.24
mysql.pcapng,Hydra,Bruteforce,5,4.784803867340088,6,0,19.2,2.0899498239118173,0.0,2.0899498239118173,0,0,0,0,0,0,0,0,0,0,0,0,0,0,0,7,0,3,0,3,0,750,60,132,75,28.555209682297903,750,0.5316448741488986,10,815.4
mysql.pcapng,Hydra,Bruteforce,6,0.002555370330810547,20,2,64,3913.327113267401,1956.6635566337004,1956.6635566337004,0,0,0,0,0,0,0,0,0,0,0,0,0,0,0,0,0,10,0,10,0,710,66,86,71,7.745966692414834,710,0.00028393003675672744,10,60
mysql.pcapng,Hydra,Bruteforce,7,0.011188507080078125,16,2,51.2,893.7742925332424,268.1322877599727,625.6420047732697,0,0,0,0,0,0,0,0,0,0,0,0,0,0,0,2,0,8,0,8,0,632,60,74,63.2,4.48998886412873,632,0.001243167453342014,10,20.16
mysql.pcapng,Hydra,Bruteforce,8,4.995436191558838,10,0,32,2.0018271911665586,0.6005481573499676,1.401279033816591,0,0,0,0,0,0,0,0,0,0,0,0,0,0,0,5,0,5,0,5,0,654,60,74,65.4,6.069596362197408,654,0.5550484657287598,10,36.84
mysql.pcapng,Hydra,Bruteforce,9,4.989855527877808,10,0,32,2.0040660384115396,0.0,2.0040660384115396,0,0,0,0,0,0,0,0,0,0,0,0,0,0,0,5,0,5,0,5,0,767,60,132,76.7,27.87848632906744,767,0.554428391986423,10,777.21
mysql.pcapng,Hydra,Bruteforce,10,0.0021011829376220703,20,2,64,4759.223873822762,1427.7671621468285,3331.456711675933,0,0,0,0,0,0,0,0,0,0,0,0,0,0,0,0,0,10,0,10,0,705,66,86,70.5,7.88986691902975,705,0.0002334647708468967,10,62.25
mysql.pcapng,Hydra,Bruteforce,11,0.005209684371948242,20,2,64,1919.5020822845636,575.8506246853691,1343.6514575991946,0,0,0,0,0,0,0,0,0,0,0,0,0,0,0,0,0,10,0,10,0,668,60,74,66.8,6.273754856543249,668,0.0005788538191053602,10,39.36
mysql.pcapng,Hydra,Bruteforce,12,6.000763654708862,2,0,6.4,1.6664545673537559,0.1666454567353756,1.4998091106183802,0,0,0,0,0,0,0,0,0,0,0,0,0,0,0,9,0,1,0,1,0,606,60,66,60.6,1.8,606,0.6667515171898736,10,3.24
mysql.pcapng,Hydra,Bruteforce,13,3.990837574005127,14,2,44.8,2.5057396635574407,0.0,2.5057396635574407,0,0,0,0,0,0,0,0,0,0,0,0,0,0,0,3,0,7,0,7,0,784,60,132,78.4,27.078404679744338,784,0.44342639711168075,10,733.24
mysql.pcapng,Hydra,Bruteforce,14,0.0023500919342041016,20,2,64,4255.152683372223,851.0305366744445,3404.122146697778,0,0,0,0,0,0,0,0,0,0,0,0,0,0,0,0,0,10,0,10,0,694,60,86,69.4,8.487638069569178,694,0.00026112132602267794,10,72.04
mysql.pcapng,Hydra,Bruteforce,15,0.006659507751464844,18,2,57.6,1501.612487469569,1051.1287412286983,450.4837462408707,0,0,0,0,0,0,0,0,0,0,0,0,0,0,0,1,0,9,0,9,0,668,60,74,66.8,6.273754856543249,668,0.000739945305718316,10,39.36
mysql.pcapng,Hydra,Bruteforce,16,2.023547410964966,10,0,32,4.941816507887658,0.0,4.941816507887658,0,0,0,0,0,0,0,0,0,0,0,0,0,0,0,5,0,5,0,5,0,656,60,74,65.6,5.96992462263972,656,0.22483860121832955,10,35.64
mysql.pcapng,Hydra,Bruteforce,17,2.976512908935547,18,2,57.6,3.3596360257601487,1.0078908077280446,2.351745218032104,0,0,0,0,0,0,0,0,0,0,0,0,0,0,0,1,0,9,0,9,0,670,60,74,67,3.924283374069717,670,0.3307236565483941,10,15.4
mysql.pcapng,Hydra,Bruteforce,18,4.988786697387695,10,0,32,2.004495402707106,0.0,2.004495402707106,0,0,0,0,0,0,0,0,0,0,0,0,0,0,0,5,0,5,0,5,0,802,60,132,80.2,27.70487321754063,802,0.5543096330430772,10,767.5600000000001
mysql.pcapng,Hydra,Bruteforce,19,0.009952068328857422,18,2,57.6,1004.8162522159935,301.444875664798,703.3713765511955,0,0,0,0,0,0,0,0,0,0,0,0,0,0,0,1,0,9,0,9,0,618,60,66,61.8,2.749545416973504,618,0.0011057853698730469,10,7.5600000000000005
mysql.pcapng,Hydra,Bruteforce,20,6.999046087265015,0,0,0,1.4287661311725488,0.0,1.4287661311725488,0,0,0,0,0,0,0,0,0,0,0,0,0,0,0,10,0,0,0,0,0,600,60,60,60,0.0,600,0.7776717874738905,10,0
mysql.pcapng,Hydra,Bruteforce,21,2.993281841278076,18,2,57.6,3.340814707822563,0.0,3.340814707822563,0,0,0,0,0,0,0,0,0,0,0,0,0,0,0,1,0,9,0,9,0,989,60,145,98.9,34.42804089692006,989,0.3325868712531196,10,1185.29
mysql.pcapng,Hydra,Bruteforce,22,0.21782565116882324,16,2,51.2,45.90827547784818,22.95413773892409,22.95413773892409,0,0,0,0,0,0,0,0,0,0,0,0,0,0,0,2,0,8,0,8,0,735,60,145,73.5,24.113274352522097,735,0.02420285012986925,10,581.45
mysql.pcapng,Hydra,Bruteforce,23,4.788599491119385,10,0,32,2.0882932511990884,0.6264879753597266,1.4618052758393618,0,0,0,0,0,0,0,0,0,0,0,0,0,0,0,5,0,5,0,5,0,654,60,74,65.4,6.069596362197408,654,0.5320666101243761,10,36.84
mysql.pcapng,Hydra,Bruteforce,24,4.989866256713867,10,0,32,2.0040617294190994,0.0,2.0040617294190994,0,0,0,0,0,0,0,0,0,0,0,0,0,0,0,5,0,5,0,5,0,824,60,132,82.4,31.69605653705205,824,0.5544295840793185,10,1004.64
mysql.pcapng,Hydra,Bruteforce,25,0.00515437126159668,20,2,64,1940.1008372265137,582.0302511679541,1358.0705860585597,0,0,0,0,0,0,0,0,0,0,0,0,0,0,0,0,0,10,0,10,0,880,66,145,88,33.89100175562829,880,0.0005727079179551867,10,1148.6
mysql.pcapng,Hydra,Bruteforce,26,1.0034151077270508,14,2,44.8,9.965965155390307,2.9897895466170925,6.976175608773215,0,0,0,0,0,0,0,0,0,0,0,0,0,0,0,3,0,7,0,7,0,674,60,74,67.4,5.868560300448483,674,0.11149056752522786,10,34.44
mysql.pcapng,Hydra,Bruteforce,27,3.0639164447784424,14,2,44.8,3.2637965754719263,0.0,3.2637965754719263,0,0,0,0,0,0,0,0,0,0,0,0,0,0,0,3,0,7,0,7,0,676,60,74,67.6,5.6956123463592565,676,0.34043516053093803,10,32.44
mysql.pcapng,Hydra,Bruteforce,28,1.9355809688568115,14,2,44.8,5.16640748224869,2.583203741124345,2.583203741124345,0,0,0,0,0,0,0,0,0,0,0,0,0,0,0,3,0,7,0,7,0,650,60,74,65,4.024922359499621,650,0.21506455209520128,10,16.2
mysql.pcapng,Hydra,Bruteforce,29,3.9927313327789307,14,2,44.8,2.5045511872796173,0.0,2.5045511872796173,0,0,0,0,0,0,0,0,0,0,0,0,0,0,0,3,0,7,0,7,0,898,60,132,89.8,32.92962192312569,898,0.44363681475321454,10,1084.36
mysql.pcapng,Hydra,Bruteforce,30,0.0071108341217041016,18,2,57.6,1406.3047778709138,984.4133445096396,421.8914333612741,0,0,0,0,0,0,0,0,0,0,0,0,0,0,0,1,0,9,0,9,0,812,60,145,81.2,31.94933489135572,812,0.0007900926801893446,10,1020.76
mysql.pcapng,Hydra,Bruteforce,31,2.0001800060272217,12,2,38.4,4.999550025431013,0.0,4.999550025431013,0,0,0,0,0,0,0,0,0,0,0,0,0,0,0,4,0,6,0,6,0,668,60,74,66.8,6.273754856543249,668,0.22224222289191353,10,39.36
mysql.pcapng,Hydra,Bruteforce,32,7.989747524261475,6,0,19.2,1.251604004961889,0.0,1.251604004961889,0,0,0,0,0,0,0,0,0,0,0,0,0,0,0,7,0,3,0,3,0,770,60,132,77,28.555209682297903,770,0.8877497249179416,10,815.4
mysql.pcapng,Hydra,Bruteforce,33,0.00047779083251953125,20,2,64,20929.660678642715,10464.830339321357,10464.830339321357,0,0,0,0,0,0,0,0,0,0,0,0,0,0,0,0,0,10,0,10,0,650,60,86,65,7.54983443527075,650,5.3087870279947914e-05,10,57
mysql.pcapng,Hydra,Bruteforce,34,2.2575716972351074,8,0,25.6,4.42953816804454,1.7718152672178158,2.657722900826724,0,0,0,0,0,0,0,0,0,0,0,0,0,0,0,6,0,4,0,4,0,639,60,74,63.9,6.007495318350236,639,0.25084129969278973,10,36.09
mysql.pcapng,Hydra,Bruteforce,35,0.04094719886779785,20,2,64,244.21694954729395,122.10847477364698,122.10847477364698,0,0,0,0,0,0,0,0,0,0,0,0,0,0,0,0,0,10,0,10,0,681,66,74,68.1,3.3000000000000003,681,0.00454968876308865,10,10.89
mysql.pcapng,Hydra,Bruteforce,36,7.698864698410034,8,0,25.6,1.298892809749624,0.5195571238998495,0.7793356858497743,0,0,0,0,0,0,0,0,0,0,0,0,0,0,0,6,0,4,0,4,0,776,60,132,77.6,28.253141418256483,776,0.8554294109344482,10,798.24
mysql.pcapng,Hydra,Bruteforce,37,0.0005104541778564453,20,2,64,19590.397010742643,9795.198505371322,9795.198505371322,0,0,0,0,0,0,0,0,0,0,0,0,0,0,0,0,0,10,0,10,0,650,60,86,65,7.54983443527075,650,5.671713087293837e-05,10,57
mysql.pcapng,Hydra,Bruteforce,38,2.2579710483551025,8,0,25.6,4.428754747446761,1.7715018989787044,2.6572528484680564,0,0,0,0,0,0,0,0,0,0,0,0,0,0,0,6,0,4,0,4,0,628,60,71,62.8,4.467661580737736,628,0.25088567203945583,10,19.96
mysql.pcapng,Hydra,Bruteforce,39,0.0413668155670166,20,2,64,241.73966168121956,120.86983084060978,120.86983084060978,0,0,0,0,0,0,0,0,0,0,0,0,0,0,0,0,0,10,0,10,0,692,66,74,69.2,3.9191835884530852,692,0.004596312840779622,10,15.360000000000001
mysql.pcapng,Hydra,Bruteforce,40,3.809030055999756,12,2,38.4,2.625340271140313,0.2625340271140313,2.3628062440262814,0,0,0,0,0,0,0,0,0,0,0,0,0,0,0,4,0,6,0,6,0,654,60,74,65.4,5.043808085167397,654,0.42322556177775067,10,25.44
mysql.pcapng,Hydra,Bruteforce,41,0.8983092308044434,18,2,57.6,11.132024092689015,3.339607227806704,7.79241686488231,0,0,0,0,0,0,0,0,0,0,0,0,0,0,0,1,0,9,0,9,0,678,60,74,67.8,4.422668877499196,678,0.09981213675604926,10,19.56
mysql.pcapng,Hydra,Bruteforce,42,2.9921860694885254,18,2,57.6,3.342038151293635,0.0,3.342038151293635,0,0,0,0,0,0,0,0,0,0,0,0,0,0,0,1,0,9,0,9,0,820,60,132,82,26.502830037563914,820,0.33246511883205837,10,702.4
mysql.pcapng,Hydra,Bruteforce,43,2.009280204772949,10,0,32,4.976906643605743,2.4884533218028717,2.4884533218028717,0,0,0,0,0,0,0,0,0,0,0,0,0,0,0,5,0,5,0,5,0,600,60,60,60,0.0,600,0.22325335608588326,10,0
mysql.pcapng,Hydra,Bruteforce,44,0.2504234313964844,18,2,57.6,39.93236553079348,0.0,39.93236553079348,0,0,0,0,0,0,0,0,0,0,0,0,0,0,0,1,0,9,0,9,0,696,60,74,69.6,4.608687448721165,696,0.027824825710720487,10,21.24
mysql.pcapng,Hydra,Bruteforce,45,4.7491371631622314,10,0,32,2.105645648133157,0.6316936944399472,1.47395195369321,0,0,0,0,0,0,0,0,0,0,0,0,0,0,0,5,0,5,0,5,0,630,60,66,63,3.0,630,0.5276819070180258,10,9
mysql.pcapng,Hydra,Bruteforce,46,2.9905781745910645,18,2,57.6,3.343835009886479,0.0,3.343835009886479,0,0,0,0,0,0,0,0,0,0,0,0,0,0,0,1,0,9,0,9,0,820,60,132,82,26.502830037563914,820,0.3322864638434516,10,702.4
mysql.pcapng,Hydra,Bruteforce,47,2.008338689804077,10,0,32,4.979239831791293,2.4896199158956467,2.4896199158956467,0,0,0,0,0,0,0,0,0,0,0,0,0,0,0,5,0,5,0,5,0,600,60,60,60,0.0,600,0.22314874331156412,10,0
mysql.pcapng,Hydra,Bruteforce,48,2.2887139320373535,18,2,57.6,4.369266014428575,0.0,4.369266014428575,0,0,0,0,0,0,0,0,0,0,0,0,0,0,0,1,0,9,0,9,0,688,60,74,68.8,4.467661580737736,688,0.2543015480041504,10,19.96
mysql.pcapng,Hydra,Bruteforce,49,2.710937261581421,10,0,32,3.6887611313315736,1.106628339399472,2.5821327919321013,0,0,0,0,0,0,0,0,0,0,0,0,0,0,0,5,0,5,0,5,0,638,60,74,63.8,4.422668877499196,638,0.3012152512868245,10,19.56
mysql.pcapng,Hydra,Bruteforce,50,2.989983320236206,18,2,57.6,3.344500262700465,0.0,3.344500262700465,0,0,0,0,0,0,0,0,0,0,0,0,0,0,0,1,0,9,0,9,0,820,60,132,82,26.502830037563914,820,0.332220368915134,10,702.4
mysql.pcapng,Hydra,Bruteforce,51,2.0096895694732666,10,0,32,4.975892870171471,2.4879464350857354,2.4879464350857354,0,0,0,0,0,0,0,0,0,0,0,0,0,0,0,5,0,5,0,5,0,600,60,60,60,0.0,600,0.22329884105258518,10,0
mysql.pcapng,Hydra,Bruteforce,52,2.2882397174835205,18,2,57.6,4.370171500649175,0.0,4.370171500649175,0,0,0,0,0,0,0,0,0,0,0,0,0,0,0,1,0,9,0,9,0,688,60,74,68.8,4.467661580737736,688,0.25424885749816895,10,19.96
mysql.pcapng,Hydra,Bruteforce,53,2.711040496826172,10,0,32,3.6886206649096716,1.1065861994729014,2.58203446543677,0,0,0,0,0,0,0,0,0,0,0,0,0,0,0,5,0,5,0,5,0,638,60,74,63.8,4.422668877499196,638,0.30122672186957467,10,19.56
mysql.pcapng,Hydra,Bruteforce,54,1.130183458328247,18,2,57.6,8.848121007532594,0.0,8.848121007532594,0,0,0,0,0,0,0,0,0,0,0,0,0,0,0,1,0,9,0,9,0,688,60,74,68.8,4.467661580737736,688,0.12557593981424967,10,19.96
mysql.pcapng,Hydra,Bruteforce,55,1.8598272800445557,20,2,64,5.376843380725349,4.301474704580279,1.0753686761450698,0,0,0,0,0,0,0,0,0,0,0,0,0,0,0,0,0,10,0,10,0,840,66,132,84,25.17141235608364,840,0.2066474755605062,10,633.6
mysql.pcapng,Hydra,Bruteforce,56,0.010171890258789062,18,2,57.6,983.10144384024,294.930433152072,688.171010688168,0,0,0,0,0,0,0,0,0,0,0,0,0,0,0,1,0,9,0,9,0,618,60,66,61.8,2.749545416973504,618,0.0011302100287543403,10,7.5600000000000005
mysql.pcapng,Hydra,Bruteforce,57,4.285391569137573,10,0,32,2.333509047812049,0.0,2.333509047812049,0,0,0,0,0,0,0,0,0,0,0,0,0,0,0,5,0,5,0,5,0,648,60,74,64.8,5.287721626560915,648,0.4761546187930637,10,27.96
mysql.pcapng,Hydra,Bruteforce,58,0.7137439250946045,18,2,57.6,14.01062712887473,4.203188138662419,9.807438990212312,0,0,0,0,0,0,0,0,0,0,0,0,0,0,0,1,0,9,0,9,0,678,60,74,67.8,4.422668877499196,678,0.07930488056606716,10,19.56
mysql.pcapng,Hydra,Bruteforce,59,4.989160060882568,10,0,32,2.0043453964134854,0.0,2.0043453964134854,0,0,0,0,0,0,0,0,0,0,0,0,0,0,0,5,0,5,0,5,0,802,60,132,80.2,27.70487321754063,802,0.5543511178758409,10,767.5600000000001
mysql.pcapng,Hydra,Bruteforce,60,0.010526895523071289,18,2,57.6,949.947681924218,284.9843045772654,664.9633773469526,0,0,0,0,0,0,0,0,0,0,0,0,0,0,0,1,0,9,0,9,0,618,60,66,61.8,2.749545416973504,618,0.001169655058119032,10,7.5600000000000005
mysql.pcapng,Hydra,Bruteforce,61,5.998762607574463,0,0,0,1.6670104576856053,0.0,1.6670104576856053,0,0,0,0,0,0,0,0,0,0,0,0,0,0,0,9,0,0,0,0,0,602,60,62,60.2,0.6,602,0.6665291786193848,10,0.36
mysql.pcapng,Hydra,Bruteforce,62,0.0019228458404541016,20,2,64,5200.6249225046495,3120.37495350279,2080.24996900186,0,0,0,0,0,0,0,0,0,0,0,0,0,0,0,0,0,10,0,10,0,702,66,74,70.2,3.6,702,0.0002136495378282335,10,12.96
mysql.pcapng,Hydra,Bruteforce,63,3.6630871295928955,16,2,51.2,2.7299377946031465,0.5459875589206293,2.1839502356825173,0,0,0,0,0,0,0,0,0,0,0,0,0,0,0,2,0,8,0,8,0,820,60,132,82,26.502830037563914,820,0.40700968106587726,10,702.4
mysql.pcapng,Hydra,Bruteforce,64,0.0002491474151611328,20,2,64,40136.88038277512,16054.752153110048,24082.12822966507,0,0,0,0,0,0,0,0,0,0,0,0,0,0,0,0,0,10,0,10,0,624,60,66,62.4,2.939387691339814,624,2.7683046129014758e-05,10,8.64
mysql.pcapng,Hydra,Bruteforce,65,5.999055862426758,0,0,0,1.6669289683784954,0.0,1.6669289683784954,0,0,0,0,0,0,0,0,0,0,0,0,0,0,0,10,0,0,0,0,0,600,60,60,60,0.0,600,0.6665617624918619,10,0
mysql.pcapng,Hydra,Bruteforce,66,0.0024018287658691406,20,2,64,4163.49414333929,2498.096486003574,1665.3976573357156,0,0,0,0,0,0,0,0,0,0,0,0,0,0,0,0,0,10,0,10,0,702,66,74,70.2,3.6,702,0.00026686986287434894,10,12.96
mysql.pcapng,Hydra,Bruteforce,67,3.6627490520477295,16,2,51.2,2.730189772190183,0.5460379544380366,2.1841518177521464,0,0,0,0,0,0,0,0,0,0,0,0,0,0,0,2,0,8,0,8,0,820,60,132,82,26.502830037563914,820,0.40697211689419216,10,702.4
mysql.pcapng,Hydra,Bruteforce,68,0.0004887580871582031,20,2,64,20460.019512195122,8184.007804878049,12276.011707317073,0,0,0,0,0,0,0,0,0,0,0,0,0,0,0,0,0,10,0,10,0,624,60,66,62.4,2.939387691339814,624,5.4306454128689235e-05,10,8.64
mysql.pcapng,Hydra,Bruteforce,69,0.16734814643859863,16,2,51.2,59.755666332815224,0.0,59.755666332815224,0,0,0,0,0,0,0,0,0,0,0,0,0,0,0,2,0,8,0,8,0,674,60,74,67.4,4.8,674,0.018594238493177626,10,23.04
mysql.pcapng,Hydra,Bruteforce,70,1.8324933052062988,12,2,38.4,5.457045857460428,2.182818342984171,3.2742275144762565,0,0,0,0,0,0,0,0,0,0,0,0,0,0,0,4,0,6,0,6,0,652,60,74,65.2,5.1536394906900505,652,0.2036103672451443,10,26.560000000000002
mysql.pcapng,Hydra,Bruteforce,71,1.3240208625793457,12,2,38.4,7.552751080159601,0.0,7.552751080159601,0,0,0,0,0,0,0,0,0,0,0,0,0,0,0,4,0,6,0,6,0,662,60,74,66.2,5.67097875150313,662,0.14711342917548287,10,32.16
mysql.pcapng,Hydra,Bruteforce,72,0.6736123561859131,16,2,51.2,14.845333385244581,8.907200031146749,5.9381333540978325,0,0,0,0,0,0,0,0,0,0,0,0,0,0,0,2,0,8,0,8,0,664,60,74,66.4,4.454211490264018,664,0.07484581735399035,10,19.84
mysql.pcapng,Hydra,Bruteforce,73,0.0006163120269775391,20,2,64,16225.547388781431,12980.437911025145,3245.109477756286,0,0,0,0,0,0,0,0,0,0,0,0,0,0,0,0,0,10,0,10,0,820,60,132,82,26.502830037563914,820,6.847911410861545e-05,10,702.4
mysql.pcapng,Hydra,Bruteforce,74,2.0046346187591553,8,0,25.6,4.988440240640901,1.99537609625636,2.9930641443845403,0,0,0,0,0,0,0,0,0,0,0,0,0,0,0,6,0,4,0,4,0,600,60,60,60,0.0,600,0.22273717986212838,10,0
mysql.pcapng,Hydra,Bruteforce,75,3.361941337585449,8,0,25.6,2.974471888668353,0.0,2.974471888668353,0,0,0,0,0,0,0,0,0,0,0,0,0,0,0,6,0,4,0,4,0,634,60,71,63.4,4.454211490264018,634,0.37354903750949436,10,19.84
mysql.pcapng,Hydra,Bruteforce,76,0.03793835639953613,20,2,64,263.58548311076197,105.4341932443048,158.15128986645718,0,0,0,0,0,0,0,0,0,0,0,0,0,0,0,0,0,10,0,10,0,692,66,74,69.2,3.9191835884530852,692,0.004215372933281792,10,15.360000000000001
mysql.pcapng,Hydra,Bruteforce,77,0.0005030632019042969,20,2,64,19878.218009478675,15902.574407582939,3975.6436018957347,0,0,0,0,0,0,0,0,0,0,0,0,0,0,0,0,0,10,0,10,0,820,60,132,82,26.502830037563914,820,5.5895911322699656e-05,10,702.4
mysql.pcapng,Hydra,Bruteforce,78,2.0099222660064697,8,0,25.6,4.975316791663331,1.9901267166653323,2.9851900749979983,0,0,0,0,0,0,0,0,0,0,0,0,0,0,0,6,0,4,0,4,0,600,60,60,60,0.0,600,0.22332469622294107,10,0
mysql.pcapng,Hydra,Bruteforce,79,3.3617637157440186,8,0,25.6,2.97462904759409,0.0,2.97462904759409,0,0,0,0,0,0,0,0,0,0,0,0,0,0,0,6,0,4,0,4,0,650,60,74,65,6.196773353931867,650,0.3735293017493354,10,38.4
mysql.pcapng,Hydra,Bruteforce,80,0.03744649887084961,20,2,64,267.0476627064471,106.81906508257886,160.22859762386827,0,0,0,0,0,0,0,0,0,0,0,0,0,0,0,0,0,10,0,10,0,676,66,74,67.6,3.2,676,0.004160722096761067,10,10.24
mysql.pcapng,Hydra,Bruteforce,81,0.00028586387634277344,20,2,64,34981.684737281066,27985.347789824853,6996.336947456213,0,0,0,0,0,0,0,0,0,0,0,0,0,0,0,0,0,10,0,10,0,820,60,132,82,26.502830037563914,820,3.176265292697483e-05,10,702.4
mysql.pcapng,Hydra,Bruteforce,82,2.0092520713806152,8,0,25.6,4.976976329868213,1.9907905319472854,2.986185797920928,0,0,0,0,0,0,0,0,0,0,0,0,0,0,0,6,0,4,0,4,0,600,60,60,60,0.0,600,0.2232502301534017,10,0
mysql.pcapng,Hydra,Bruteforce,83,0.002359628677368164,20,2,64,4237.954935839143,2542.772961503486,1695.1819743356573,0,0,0,0,0,0,0,0,0,0,0,0,0,0,0,0,0,10,0,10,0,702,66,74,70.2,3.6,702,0.00026218096415201825,10,12.96
mysql.pcapng,Hydra,Bruteforce,84,4.793295621871948,8,0,25.6,2.0862472897289512,0.41724945794579027,1.668997831783161,0,0,0,0,0,0,0,0,0,0,0,0,0,0,0,6,0,4,0,4,0,624,60,66,62.4,2.939387691339814,624,0.5325884024302164,10,8.64
mysql.pcapng,Hydra,Bruteforce,85,0.0023217201232910156,20,2,64,4307.1513657835285,2584.290819470117,1722.8605463134113,0,0,0,0,0,0,0,0,0,0,0,0,0,0,0,0,0,10,0,10,0,702,66,74,70.2,3.6,702,0.0002579689025878906,10,12.96
mysql.pcapng,Hydra,Bruteforce,86,1.6253128051757812,20,2,64,6.152661794182122,1.2305323588364243,4.922129435345697,0,0,0,0,0,0,0,0,0,0,0,0,0,0,0,0,0,10,0,10,0,832,66,132,83.2,25.6,832,0.1805903116861979,10,655.36
mysql.pcapng,Hydra,Bruteforce,87,0.010075807571411133,16,2,51.2,992.476278365396,198.49525567307919,793.9810226923167,0,0,0,0,0,0,0,0,0,0,0,0,0,0,0,2,0,8,0,8,0,612,60,66,61.2,2.4000000000000004,612,0.001119534174601237,10,5.760000000000001
mysql.pcapng,Hydra,Bruteforce,88,5.999946117401123,0,0,0,1.6666816341896584,0.0,1.6666816341896584,0,0,0,0,0,0,0,0,0,0,0,0,0,0,0,10,0,0,0,0,0,600,60,60,60,0.0,600,0.6666606797112359,10,0
mysql.pcapng,Hydra,Bruteforce,89,0.0005400180816650391,20,2,64,18517.898454746137,14814.31876379691,3703.5796909492274,0,0,0,0,0,0,0,0,0,0,0,0,0,0,0,0,0,10,0,10,0,820,60,132,82,26.502830037563914,820,6.000200907389323e-05,10,702.4
mysql.pcapng,Hydra,Bruteforce,90,0.383786678314209,16,2,51.2,26.0561415105006,20.844913208400477,5.211228302100119,0,0,0,0,0,0,0,0,0,0,0,0,0,0,0,2,0,8,0,8,0,634,60,71,63.4,4.454211490264018,634,0.04264296425713433,10,19.84
mysql.pcapng,Hydra,Bruteforce,91,0.04487276077270508,20,2,64,222.85234578396472,89.14093831358589,133.71140747037884,0,0,0,0,0,0,0,0,0,0,0,0,0,0,0,0,0,10,0,10,0,692,66,74,69.2,3.9191835884530852,692,0.004985862308078342,10,15.360000000000001
mysql.pcapng,Hydra,Bruteforce,92,6.003122091293335,0,0,0,1.665799870121509,0.0,1.665799870121509,0,0,0,0,0,0,0,0,0,0,0,0,0,0,0,10,0,0,0,0,0,600,60,60,60,0.0,600,0.6670135656992594,10,0
mysql.pcapng,Hydra,Bruteforce,93,0.00044083595275878906,20,2,64,22684.175229853976,18147.34018388318,4536.835045970795,0,0,0,0,0,0,0,0,0,0,0,0,0,0,0,0,0,10,0,10,0,820,60,132,82,26.502830037563914,820,4.898177252875434e-05,10,702.4
mysql.pcapng,Hydra,Bruteforce,94,0.4098989963531494,16,2,51.2,24.396253928332328,19.517003142665864,4.879250785666466,0,0,0,0,0,0,0,0,0,0,0,0,0,0,0,2,0,8,0,8,0,650,60,74,65,6.196773353931867,650,0.04554433292812771,10,38.4
mysql.pcapng,Hydra,Bruteforce,95,0.03933310508728027,20,2,64,254.23876344900742,101.69550537960296,152.54325806940446,0,0,0,0,0,0,0,0,0,0,0,0,0,0,0,0,0,10,0,10,0,676,66,74,67.6,3.2,676,0.004370345009697808,10,10.24
mysql.pcapng,Hydra,Bruteforce,96,3.2409887313842773,12,2,38.4,3.085478176201138,0.0,3.085478176201138,0,0,0,0,0,0,0,0,0,0,0,0,0,0,0,4,0,6,0,6,0,662,60,74,66.2,5.67097875150313,662,0.3601098590426975,10,32.16
mysql.pcapng,Hydra,Bruteforce,97,0.7566537857055664,16,2,51.2,13.216084012155143,7.929650407293086,5.286433604862057,0,0,0,0,0,0,0,0,0,0,0,0,0,0,0,2,0,8,0,8,0,664,60,74,66.4,4.454211490264018,664,0.08407264285617405,10,19.84
mysql.pcapng,Hydra,Bruteforce,98,3.993293523788452,12,2,38.4,2.504198587063283,0.0,2.504198587063283,0,0,0,0,0,0,0,0,0,0,0,0,0,0,0,4,0,6,0,6,0,808,60,132,80.8,27.323250172700906,808,0.44369928042093915,10,746.5600000000001
mysql.pcapng,Hydra,Bruteforce,99,0.008881807327270508,16,2,51.2,1125.8969747402894,225.17939494805788,900.7175797922315,0,0,0,0,0,0,0,0,0,0,0,0,0,0,0,2,0,8,0,8,0,612,60,66,61.2,2.4000000000000004,612,0.0009868674808078343,10,5.760000000000001
mysql.pcapng,Hydra,Bruteforce,100,0.0022742748260498047,20,2,64,4397.0059754691265,2638.203585281476,1758.8023901876506,0,0,0,0,0,0,0,0,0,0,0,0,0,0,0,0,0,10,0,10,0,702,66,74,70.2,3.6,702,0.00025269720289442275,10,12.96
mysql.pcapng,Hydra,Bruteforce,101,4.596573352813721,8,0,25.6,2.1755336491864434,0.4351067298372887,1.7404269193491548,0,0,0,0,0,0,0,0,0,0,0,0,0,0,0,6,0,4,0,4,0,624,60,66,62.4,2.939387691339814,624,0.5107303725348579,10,8.64
mysql.pcapng,Hydra,Bruteforce,102,3.9894790649414062,12,2,38.4,2.5065929253464754,0.0,2.5065929253464754,0,0,0,0,0,0,0,0,0,0,0,0,0,0,0,4,0,6,0,6,0,808,60,132,80.8,27.323250172700906,808,0.44327545166015625,10,746.5600000000001
mysql.pcapng,Hydra,Bruteforce,103,0.009998083114624023,16,2,51.2,1000.1917252891379,200.0383450578276,800.1533802313104,0,0,0,0,0,0,0,0,0,0,0,0,0,0,0,2,0,8,0,8,0,612,60,66,61.2,2.4000000000000004,612,0.0011108981238471137,10,5.760000000000001
mysql.pcapng,Hydra,Bruteforce,104,1.4124279022216797,12,2,38.4,7.080007400215255,0.0,7.080007400215255,0,0,0,0,0,0,0,0,0,0,0,0,0,0,0,4,0,6,0,6,0,662,60,74,66.2,5.67097875150313,662,0.15693643358018664,10,32.16
mysql.pcapng,Hydra,Bruteforce,105,2.5857865810394287,16,2,51.2,3.867295187207686,2.3203771123246115,1.5469180748830744,0,0,0,0,0,0,0,0,0,0,0,0,0,0,0,2,0,8,0,8,0,664,60,74,66.4,4.454211490264018,664,0.2873096201154921,10,19.84
mysql.pcapng,Hydra,Bruteforce,106,3.9899308681488037,12,2,38.4,2.506309089169675,0.0,2.506309089169675,0,0,0,0,0,0,0,0,0,0,0,0,0,0,0,4,0,6,0,6,0,808,60,132,80.8,27.323250172700906,808,0.44332565201653373,10,746.5600000000001
mysql.pcapng,Hydra,Bruteforce,107,0.010098934173583984,16,2,51.2,990.2035034704188,198.04070069408377,792.1628027763351,0,0,0,0,0,0,0,0,0,0,0,0,0,0,0,2,0,8,0,8,0,612,60,66,61.2,2.4000000000000004,612,0.0011221037970648871,10,5.760000000000001
mysql.pcapng,Hydra,Bruteforce,108,1.4379894733428955,12,2,38.4,6.954153827533236,0.0,6.954153827533236,0,0,0,0,0,0,0,0,0,0,0,0,0,0,0,4,0,6,0,6,0,662,60,74,66.2,5.67097875150313,662,0.1597766081492106,10,32.16
mysql.pcapng,Hydra,Bruteforce,109,2.559980869293213,16,2,51.2,3.906279191360093,2.3437675148160557,1.5625116765440372,0,0,0,0,0,0,0,0,0,0,0,0,0,0,0,2,0,8,0,8,0,664,60,74,66.4,4.454211490264018,664,0.284442318810357,10,19.84
mysql.pcapng,Hydra,Bruteforce,110,0.2816157341003418,16,2,51.2,35.509379587565675,0.0,35.509379587565675,0,0,0,0,0,0,0,0,0,0,0,0,0,0,0,2,0,8,0,8,0,690,60,74,69,5.366563145999495,690,0.0312906371222602,10,28.8
mysql.pcapng,Hydra,Bruteforce,111,3.708052158355713,16,2,51.2,2.6968336940638853,1.6181002164383311,1.0787334776255542,0,0,0,0,0,0,0,0,0,0,0,0,0,0,0,2,0,8,0,8,0,780,60,132,78,27.099815497526915,780,0.412005795372857,10,734.4
mysql.pcapng,Hydra,Bruteforce,112,0.000518798828125,20,2,64,19275.29411764706,11565.176470588236,7710.117647058823,0,0,0,0,0,0,0,0,0,0,0,0,0,0,0,0,0,10,0,10,0,676,60,86,67.6,9.58331884056875,676,5.764431423611111e-05,10,91.84
mysql.pcapng,Hydra,Bruteforce,113,2.447437286376953,8,0,25.6,4.085906534015191,1.6343626136060763,2.4515439204091143,0,0,0,0,0,0,0,0,0,0,0,0,0,0,0,6,0,4,0,4,0,625,60,74,62.5,5.044799302251775,625,0.2719374762641059,10,25.45
mysql.pcapng,Hydra,Bruteforce,114,0.002579212188720703,20,2,64,3877.1528933259383,2326.291735995563,1550.8611573303754,0,0,0,0,0,0,0,0,0,0,0,0,0,0,0,0,0,10,0,10,0,689,66,74,68.9,3.645545226711637,689,0.0002865791320800781,10,13.29
mysql.pcapng,Hydra,Bruteforce,115,7.509537696838379,8,0,25.6,1.3316398963161395,0.5326559585264558,0.7989839377896837,0,0,0,0,0,0,0,0,0,0,0,0,0,0,0,6,0,4,0,4,0,756,60,132,75.6,28.29558269412383,756,0.8343930774264865,10,800.64
mysql.pcapng,Hydra,Bruteforce,116,0.0005466938018798828,20,2,64,18291.774967291756,10975.064980375055,7316.709986916703,0,0,0,0,0,0,0,0,0,0,0,0,0,0,0,0,0,10,0,10,0,676,60,86,67.6,9.58331884056875,676,6.074375576443142e-05,10,91.84
mysql.pcapng,Hydra,Bruteforce,117,4.45871639251709,8,0,25.6,2.2427979534160674,0.897119181366427,1.3456787720496404,0,0,0,0,0,0,0,0,0,0,0,0,0,0,0,6,0,4,0,4,0,622,60,71,62.2,4.4,622,0.4954129325018989,10,19.36
mysql.pcapng,Hydra,Bruteforce,118,0.002599477767944336,20,2,64,3846.926533981473,2308.1559203888837,1538.7706135925891,0,0,0,0,0,0,0,0,0,0,0,0,0,0,0,0,0,10,0,10,0,692,66,74,69.2,3.9191835884530852,692,0.0002888308631049262,10,15.360000000000001
mysql.pcapng,Hydra,Bruteforce,119,10.642212867736816,16,2,51.2,0.9396541982651218,0.18793083965302435,0.7517233586120974,0,0,0,0,0,0,0,0,0,0,0,0,0,0,0,2,0,8,0,8,0,671,60,74,67.1,4.459820624195552,671,1.182468096415202,10,19.89
mysql.pcapng,Hydra,Bruteforce,120,3.047977924346924,20,2,64,3.2808636572204355,3.2808636572204355,0.0,0,0,0,0,0,0,0,0,0,0,0,0,0,0,0,0,0,10,0,10,0,712,66,74,71.2,2.925747767665559,712,0.3386642138163249,10,8.56
mysql.pcapng,Hydra,Bruteforce,121,3.040043354034424,20,2,64,3.2894267730521207,3.2894267730521207,0.0,0,0,0,0,0,0,0,0,0,0,0,0,0,0,0,0,0,10,0,10,0,728,71,74,72.8,1.4696938456699067,728,0.3377825948927138,10,2.1599999999999997
mysql.pcapng,Hydra,Bruteforce,122,3.039996385574341,20,2,64,3.2894775952540214,3.2894775952540214,0.0,0,0,0,0,0,0,0,0,0,0,0,0,0,0,0,0,0,10,0,10,0,712,66,74,71.2,2.925747767665559,712,0.33777737617492676,10,8.56
mysql.pcapng,Hydra,Bruteforce,123,4.127979516983032,20,2,64,2.4224926404936675,2.4224926404936675,0.0,0,0,0,0,0,0,0,0,0,0,0,0,0,0,0,0,0,10,0,10,0,731,71,74,73.1,1.374772708486752,731,0.4586643907758925,10,1.8900000000000001
mysql.pcapng,Hydra,Bruteforce,124,5.795872688293457,20,2,64,1.7253657107061837,1.7253657107061837,0.0,0,0,0,0,0,0,0,0,0,0,0,0,0,0,0,0,0,10,0,10,0,712,66,74,71.2,2.925747767665559,712,0.6439858542548286,10,8.56
mysql.pcapng,Hydra,Bruteforce,125,3.7761638164520264,20,2,64,2.6481901967366737,2.6481901967366737,0.0,0,0,0,0,0,0,0,0,0,0,0,0,0,0,0,0,0,10,0,10,0,725,71,74,72.5,1.5,725,0.4195737573835585,10,2.25
mysql.pcapng,Hydra,Bruteforce,126,7.999787092208862,12,2,38.4,1.250033267727735,0.750019960636641,0.500013307091094,0,0,0,0,0,0,0,0,0,0,0,0,0,0,0,4,0,6,0,6,0,678,60,74,67.8,6.4621977685614045,678,0.8888652324676514,10,41.76
mysql.pcapng,Hydra,Bruteforce,127,18.1753146648407,0,0,0,0.5501968017832745,0.0,0.5501968017832745,0,0,0,0,0,0,0,0,0,0,0,0,0,0,0,10,0,0,0,0,0,600,60,60,60,0.0,600,2.019479407204522,10,0
mysql.pcapng,Hydra,Bruteforce,128,15.103594779968262,0,0,0,0.6620940342800308,0.0,0.6620940342800308,0,0,0,0,0,0,0,0,0,0,0,0,0,0,0,10,0,0,0,0,0,600,60,60,60,0.0,600,1.6781771977742512,10,0
mysql.pcapng,Hydra,Bruteforce,129,13.311810493469238,0,0,0,0.7512126171647343,0.0,0.7512126171647343,0,0,0,0,0,0,0,0,0,0,0,0,0,0,0,10,0,0,0,0,0,600,60,60,60,0.0,600,1.4790900548299153,10,0
mysql.pcapng,Hydra,Bruteforce,130,19.96733808517456,0,0,0,0.5008178835527829,0.0,0.5008178835527829,0,0,0,0,0,0,0,0,0,0,0,0,0,0,0,10,0,0,0,0,0,600,60,60,60,0.0,600,2.218593120574951,10,0
mysql.pcapng,Hydra,Bruteforce,131,29.066397428512573,4,0,0.2,0.3440398840136459,0.0,0.3440398840136459,0,0,0,0,0,0,0,0,0,0,0,0,0,0,0,7,0,2,0,0,3,2387,60,669,238.7,273.01760016526407,2387,3.229599714279175,10,74538.61
